,YOLOv8,YOLOv11,RT-DETR
mAP50,0.9254661798477173,0.9346597194671631,0.9574822783470154
F1_Score,0.9053049082796233,0.9159434664021819,0.8660734656627879
Precision,0.88,0.890549662487946,0.783003300330033
Recall,0.9321082184788158,0.9428279734558448,0.968861664114344
Efficiency_Mins_Per_Video_Hour,0.4020303850943864,0.42655045272653347,19.640300801695556
MaxN_Mean_Absolute_Error,0.8157894736842105,0.631578947368421,2.3947368421052633
